头像,图片,性别,数据包8-胸,数据包8-腰,数据包8-头,数据包13,数据包18,数据包20
1,,男,00000008_03391.bmp,00000008_03392.bmp,00000008_03393.bmp,00000013_01131.bmp,00000018_01131.bmp,00000020_01131.bmp
2,,男,00000008_03394.bmp,00000008_03395.bmp,00000008_03396.bmp,00000013_01132.bmp,00000018_01132.bmp,00000020_01132.bmp
3,,男,00000008_03397.bmp,00000008_03398.bmp,00000008_03399.bmp,00000013_01133.bmp,00000018_01133.bmp,00000020_01133.bmp
4,,男,00000008_03400.bmp,00000008_03401.bmp,00000008_03402.bmp,00000013_01134.bmp,00000018_01134.bmp,00000020_01134.bmp
5,,男,00000008_03403.bmp,00000008_03404.bmp,00000008_03405.bmp,00000013_01135.bmp,00000018_01135.bmp,00000020_01135.bmp
6,,男,00000008_03406.bmp,00000008_03407.bmp,00000008_03408.bmp,00000013_01136.bmp,00000018_01136.bmp,00000020_01136.bmp
7,,男,00000008_03409.bmp,00000008_03410.bmp,00000008_03411.bmp,00000013_01137.bmp,00000018_01137.bmp,00000020_01137.bmp
8,,男,00000008_03412.bmp,00000008_03413.bmp,00000008_03414.bmp,00000013_01138.bmp,00000018_01138.bmp,00000020_01138.bmp
9,,男,00000008_03415.bmp,00000008_03416.bmp,00000008_03417.bmp,00000013_01139.bmp,00000018_01139.bmp,00000020_01139.bmp
10,,男,00000008_03418.bmp,00000008_03419.bmp,00000008_03420.bmp,00000013_01140.bmp,00000018_01140.bmp,00000020_01140.bmp
11,,男,00000008_03421.bmp,00000008_03422.bmp,00000008_03423.bmp,00000013_01141.bmp,00000018_01141.bmp,00000020_01141.bmp
12,,男,00000008_03424.bmp,00000008_03425.bmp,00000008_03426.bmp,00000013_01142.bmp,00000018_01142.bmp,00000020_01142.bmp
13,,男,00000008_03427.bmp,00000008_03428.bmp,00000008_03429.bmp,00000013_01143.bmp,00000018_01143.bmp,00000020_01143.bmp
14,,男,00000008_03430.bmp,00000008_03431.bmp,00000008_03432.bmp,00000013_01144.bmp,00000018_01144.bmp,00000020_01144.bmp
15,,男,00000008_03433.bmp,00000008_03434.bmp,00000008_03435.bmp,00000013_01145.bmp,00000018_01145.bmp,00000020_01145.bmp
16,,男,00000008_03436.bmp,00000008_03437.bmp,00000008_03438.bmp,00000013_01146.bmp,00000018_01146.bmp,00000020_01146.bmp
17,,男,00000008_03439.bmp,00000008_03440.bmp,00000008_03441.bmp,00000013_01147.bmp,00000018_01147.bmp,00000020_01147.bmp
18,,男,00000008_03442.bmp,00000008_03443.bmp,00000008_03444.bmp,00000013_01148.bmp,00000018_01148.bmp,00000020_01148.bmp
19,,男,00000008_03445.bmp,00000008_03446.bmp,00000008_03447.bmp,00000013_01149.bmp,00000018_01149.bmp,00000020_01149.bmp
20,,男,00000008_03448.bmp,00000008_03449.bmp,00000008_03450.bmp,00000013_01150.bmp,00000018_01150.bmp,00000020_01150.bmp
21,,男,00000008_03451.bmp,00000008_03452.bmp,00000008_03453.bmp,00000013_01151.bmp,00000018_01151.bmp,00000020_01151.bmp
22,,男,00000008_03454.bmp,00000008_03455.bmp,00000008_03456.bmp,00000013_01152.bmp,00000018_01152.bmp,00000020_01152.bmp
23,,男,00000008_03457.bmp,00000008_03458.bmp,00000008_03459.bmp,00000013_01153.bmp,00000018_01153.bmp,00000020_01153.bmp
24,,男,00000008_03460.bmp,00000008_03461.bmp,00000008_03462.bmp,00000013_01154.bmp,00000018_01154.bmp,00000020_01154.bmp
25,,男,00000008_03463.bmp,00000008_03464.bmp,00000008_03465.bmp,00000013_01155.bmp,00000018_01155.bmp,00000020_01155.bmp
26,,男,00000008_03466.bmp,00000008_03467.bmp,00000008_03468.bmp,00000013_01156.bmp,00000018_01156.bmp,00000020_01156.bmp
27,,男,00000008_03469.bmp,00000008_03470.bmp,00000008_03471.bmp,00000013_01157.bmp,00000018_01157.bmp,00000020_01157.bmp
28,,男,00000008_03472.bmp,00000008_03473.bmp,00000008_03474.bmp,00000013_01158.bmp,00000018_01158.bmp,00000020_01158.bmp
29,,男,00000008_03475.bmp,00000008_03476.bmp,00000008_03477.bmp,00000013_01159.bmp,00000018_01159.bmp,00000020_01159.bmp
30,,男,00000008_03478.bmp,00000008_03479.bmp,00000008_03480.bmp,00000013_01160.bmp,00000018_01160.bmp,00000020_01160.bmp
31,,男,00000008_03481.bmp,00000008_03482.bmp,00000008_03483.bmp,00000013_01161.bmp,00000018_01161.bmp,00000020_01161.bmp
32,,男,00000008_03484.bmp,00000008_03485.bmp,00000008_03486.bmp,00000013_01162.bmp,00000018_01162.bmp,00000020_01162.bmp
33,,男,00000008_03487.bmp,00000008_03488.bmp,00000008_03489.bmp,00000013_01163.bmp,00000018_01163.bmp,00000020_01163.bmp
34,,男,00000008_03490.bmp,00000008_03491.bmp,00000008_03492.bmp,00000013_01164.bmp,00000018_01164.bmp,00000020_01164.bmp
35,,男,00000008_03493.bmp,00000008_03494.bmp,00000008_03495.bmp,00000013_01165.bmp,00000018_01165.bmp,00000020_01165.bmp
36,,男,00000008_03496.bmp,00000008_03497.bmp,00000008_03498.bmp,00000013_01166.bmp,00000018_01166.bmp,00000020_01166.bmp
37,,男,00000008_03499.bmp,00000008_03500.bmp,00000008_03501.bmp,00000013_01167.bmp,00000018_01167.bmp,00000020_01167.bmp
38,,男,00000008_03502.bmp,00000008_03503.bmp,00000008_03504.bmp,00000013_01168.bmp,00000018_01168.bmp,00000020_01168.bmp
39,,男,00000008_03505.bmp,00000008_03506.bmp,00000008_03507.bmp,00000013_01169.bmp,00000018_01169.bmp,00000020_01169.bmp
40,,男,00000008_03508.bmp,00000008_03509.bmp,00000008_03510.bmp,00000013_01170.bmp,00000018_01170.bmp,00000020_01170.bmp
41,,男,00000008_03511.bmp,00000008_03512.bmp,00000008_03513.bmp,00000013_01171.bmp,00000018_01171.bmp,00000020_01171.bmp
42,,男,00000008_03514.bmp,00000008_03515.bmp,00000008_03516.bmp,00000013_01172.bmp,00000018_01172.bmp,00000020_01172.bmp
43,,男,00000008_03517.bmp,00000008_03518.bmp,00000008_03519.bmp,00000013_01173.bmp,00000018_01173.bmp,00000020_01173.bmp
44,,男,00000008_03520.bmp,00000008_03521.bmp,00000008_03522.bmp,00000013_01174.bmp,00000018_01174.bmp,00000020_01174.bmp
45,,男,00000008_03523.bmp,00000008_03524.bmp,00000008_03525.bmp,00000013_01175.bmp,00000018_01175.bmp,00000020_01175.bmp
46,,男,00000008_03526.bmp,00000008_03527.bmp,00000008_03528.bmp,00000013_01176.bmp,00000018_01176.bmp,00000020_01176.bmp
47,,男,00000008_03529.bmp,00000008_03530.bmp,00000008_03531.bmp,00000013_01177.bmp,00000018_01177.bmp,00000020_01177.bmp
48,,男,00000008_03532.bmp,00000008_03533.bmp,00000008_03534.bmp,00000013_01178.bmp,00000018_01178.bmp,00000020_01178.bmp
49,,男,00000008_03535.bmp,00000008_03536.bmp,00000008_03537.bmp,00000013_01179.bmp,00000018_01179.bmp,00000020_01179.bmp
50,,男,00000008_03538.bmp,00000008_03539.bmp,00000008_03540.bmp,00000013_01180.bmp,00000018_01180.bmp,00000020_01180.bmp
51,,女,00000008_03541.bmp,00000008_03542.bmp,00000008_03543.bmp,00000013_01181.bmp,00000018_01181.bmp,00000020_01181.bmp
52,,女,00000008_03544.bmp,00000008_03545.bmp,00000008_03546.bmp,00000013_01182.bmp,00000018_01182.bmp,00000020_01182.bmp
53,,女,00000008_03547.bmp,00000008_03548.bmp,00000008_03549.bmp,00000013_01183.bmp,00000018_01183.bmp,00000020_01183.bmp
54,,女,00000008_03550.bmp,00000008_03551.bmp,00000008_03552.bmp,00000013_01184.bmp,00000018_01184.bmp,00000020_01184.bmp
55,,女,00000008_03553.bmp,00000008_03554.bmp,00000008_03555.bmp,00000013_01185.bmp,00000018_01185.bmp,00000020_01185.bmp
56,,女,00000008_03556.bmp,00000008_03557.bmp,00000008_03558.bmp,00000013_01186.bmp,00000018_01186.bmp,00000020_01186.bmp
57,,女,00000008_03559.bmp,00000008_03560.bmp,00000008_03561.bmp,00000013_01187.bmp,00000018_01187.bmp,00000020_01187.bmp
58,,女,00000008_03562.bmp,00000008_03563.bmp,00000008_03564.bmp,00000013_01188.bmp,00000018_01188.bmp,00000020_01188.bmp
59,,女,00000008_03565.bmp,00000008_03566.bmp,00000008_03567.bmp,00000013_01189.bmp,00000018_01189.bmp,00000020_01189.bmp
60,,女,00000008_03568.bmp,00000008_03569.bmp,00000008_03570.bmp,00000013_01190.bmp,00000018_01190.bmp,00000020_01190.bmp
61,,女,00000008_03571.bmp,00000008_03572.bmp,00000008_03573.bmp,00000013_01191.bmp,00000018_01191.bmp,00000020_01191.bmp
62,,女,00000008_03574.bmp,00000008_03575.bmp,00000008_03576.bmp,00000013_01192.bmp,00000018_01192.bmp,00000020_01192.bmp
63,,女,00000008_03577.bmp,00000008_03578.bmp,00000008_03579.bmp,00000013_01193.bmp,00000018_01193.bmp,00000020_01193.bmp
64,,女,00000008_03580.bmp,00000008_03581.bmp,00000008_03582.bmp,00000013_01194.bmp,00000018_01194.bmp,00000020_01194.bmp
65,,女,00000008_03583.bmp,00000008_03584.bmp,00000008_03585.bmp,00000013_01195.bmp,00000018_01195.bmp,00000020_01195.bmp
66,,女,00000008_03586.bmp,00000008_03587.bmp,00000008_03588.bmp,00000013_01196.bmp,00000018_01196.bmp,00000020_01196.bmp
67,,女,00000008_03589.bmp,00000008_03590.bmp,00000008_03591.bmp,00000013_01197.bmp,00000018_01197.bmp,00000020_01197.bmp
68,,女,00000008_03592.bmp,00000008_03593.bmp,00000008_03594.bmp,00000013_01198.bmp,00000018_01198.bmp,00000020_01198.bmp
69,,女,00000008_03595.bmp,00000008_03596.bmp,00000008_03597.bmp,00000013_01199.bmp,00000018_01199.bmp,00000020_01199.bmp
70,,女,00000008_03598.bmp,00000008_03599.bmp,00000008_03600.bmp,00000013_01200.bmp,00000018_01200.bmp,00000020_01200.bmp
71,,女,00000008_03601.bmp,00000008_03602.bmp,00000008_03603.bmp,00000013_01201.bmp,00000018_01201.bmp,00000020_01201.bmp
72,,女,00000008_03604.bmp,00000008_03605.bmp,00000008_03606.bmp,00000013_01202.bmp,00000018_01202.bmp,00000020_01202.bmp
73,,女,00000008_03607.bmp,00000008_03608.bmp,00000008_03609.bmp,00000013_01203.bmp,00000018_01203.bmp,00000020_01203.bmp
74,,女,00000008_03610.bmp,00000008_03611.bmp,00000008_03612.bmp,00000013_01204.bmp,00000018_01204.bmp,00000020_01204.bmp
75,,女,00000008_03613.bmp,00000008_03614.bmp,00000008_03615.bmp,00000013_01205.bmp,00000018_01205.bmp,00000020_01205.bmp
76,,女,00000008_03616.bmp,00000008_03617.bmp,00000008_03618.bmp,00000013_01206.bmp,00000018_01206.bmp,00000020_01206.bmp
77,,女,00000008_03619.bmp,00000008_03620.bmp,00000008_03621.bmp,00000013_01207.bmp,00000018_01207.bmp,00000020_01207.bmp
78,,女,00000008_03622.bmp,00000008_03623.bmp,00000008_03624.bmp,00000013_01208.bmp,00000018_01208.bmp,00000020_01208.bmp
79,,女,00000008_03625.bmp,00000008_03626.bmp,00000008_03627.bmp,00000013_01209.bmp,00000018_01209.bmp,00000020_01209.bmp
80,,女,00000008_03628.bmp,00000008_03629.bmp,00000008_03630.bmp,00000013_01210.bmp,00000018_01210.bmp,00000020_01210.bmp
81,,男,00000008_03631.bmp,00000008_03632.bmp,00000008_03633.bmp,00000013_01211.bmp,00000018_01211.bmp,00000020_01211.bmp
82,,男,00000008_03634.bmp,00000008_03635.bmp,00000008_03636.bmp,00000013_01212.bmp,00000018_01212.bmp,00000020_01212.bmp
83,,男,00000008_03637.bmp,00000008_03638.bmp,00000008_03639.bmp,00000013_01213.bmp,00000018_01213.bmp,00000020_01213.bmp
84,,男,00000008_03640.bmp,00000008_03641.bmp,00000008_03642.bmp,00000013_01214.bmp,00000018_01214.bmp,00000020_01214.bmp
85,,男,00000008_03643.bmp,00000008_03644.bmp,00000008_03645.bmp,00000013_01215.bmp,00000018_01215.bmp,00000020_01215.bmp
86,,男,00000008_03646.bmp,00000008_03647.bmp,00000008_03648.bmp,00000013_01216.bmp,00000018_01216.bmp,00000020_01216.bmp
87,,男,00000008_03649.bmp,00000008_03650.bmp,00000008_03651.bmp,00000013_01217.bmp,00000018_01217.bmp,00000020_01217.bmp
88,,男,00000008_03652.bmp,00000008_03653.bmp,00000008_03654.bmp,00000013_01218.bmp,00000018_01218.bmp,00000020_01218.bmp
89,,男,00000008_03655.bmp,00000008_03656.bmp,00000008_03657.bmp,00000013_01219.bmp,00000018_01219.bmp,00000020_01219.bmp
90,,男,00000008_03658.bmp,00000008_03659.bmp,00000008_03660.bmp,00000013_01220.bmp,00000018_01220.bmp,00000020_01220.bmp
91,,女,00000008_03661.bmp,00000008_03662.bmp,00000008_03663.bmp,00000013_01221.bmp,00000018_01221.bmp,00000020_01221.bmp
92,,女,00000008_03664.bmp,00000008_03665.bmp,00000008_03666.bmp,00000013_01222.bmp,00000018_01222.bmp,00000020_01222.bmp
93,,女,00000008_03667.bmp,00000008_03668.bmp,00000008_03669.bmp,00000013_01223.bmp,00000018_01223.bmp,00000020_01223.bmp
94,,女,00000008_03670.bmp,00000008_03671.bmp,00000008_03672.bmp,00000013_01224.bmp,00000018_01224.bmp,00000020_01224.bmp
95,,女,00000008_03673.bmp,00000008_03674.bmp,00000008_03675.bmp,00000013_01225.bmp,00000018_01225.bmp,00000020_01225.bmp
96,,女,00000008_03676.bmp,00000008_03677.bmp,00000008_03678.bmp,00000013_01226.bmp,00000018_01226.bmp,00000020_01226.bmp
97,,女,00000008_03679.bmp,00000008_03680.bmp,00000008_03681.bmp,00000013_01227.bmp,00000018_01227.bmp,00000020_01227.bmp
98,,女,00000008_03682.bmp,00000008_03683.bmp,00000008_03684.bmp,00000013_01228.bmp,00000018_01228.bmp,00000020_01228.bmp
99,,女,00000008_03685.bmp,00000008_03686.bmp,00000008_03687.bmp,00000013_01229.bmp,00000018_01229.bmp,00000020_01229.bmp
100,,女,00000008_03688.bmp,00000008_03689.bmp,00000008_03690.bmp,00000013_01230.bmp,00000018_01230.bmp,00000020_01230.bmp
101,,男,00000008_03691.bmp,00000008_03692.bmp,00000008_03693.bmp,00000013_01231.bmp,00000018_01231.bmp,00000020_01231.bmp
102,,男,00000008_03694.bmp,00000008_03695.bmp,00000008_03696.bmp,00000013_01232.bmp,00000018_01232.bmp,00000020_01232.bmp
103,,男,00000008_03697.bmp,00000008_03698.bmp,00000008_03699.bmp,00000013_01233.bmp,00000018_01233.bmp,00000020_01233.bmp
104,,男,00000008_03700.bmp,00000008_03701.bmp,00000008_03702.bmp,00000013_01234.bmp,00000018_01234.bmp,00000020_01234.bmp
105,,男,00000008_03703.bmp,00000008_03704.bmp,00000008_03705.bmp,00000013_01235.bmp,00000018_01235.bmp,00000020_01235.bmp
106,,男,00000008_03706.bmp,00000008_03707.bmp,00000008_03708.bmp,00000013_01236.bmp,00000018_01236.bmp,00000020_01236.bmp
107,,男,00000008_03709.bmp,00000008_03710.bmp,00000008_03711.bmp,00000013_01237.bmp,00000018_01237.bmp,00000020_01237.bmp
108,,男,00000008_03712.bmp,00000008_03713.bmp,00000008_03714.bmp,00000013_01238.bmp,00000018_01238.bmp,00000020_01238.bmp
109,,男,00000008_03715.bmp,00000008_03716.bmp,00000008_03717.bmp,00000013_01239.bmp,00000018_01239.bmp,00000020_01239.bmp
110,,男,00000008_03718.bmp,00000008_03719.bmp,00000008_03720.bmp,00000013_01240.bmp,00000018_01240.bmp,00000020_01240.bmp
111,,男,00000008_03721.bmp,00000008_03722.bmp,00000008_03723.bmp,00000013_01241.bmp,00000018_01241.bmp,00000020_01241.bmp
112,,女,00000008_03724.bmp,00000008_03725.bmp,00000008_03726.bmp,00000013_01242.bmp,00000018_01242.bmp,00000020_01242.bmp
113,,女,00000008_03727.bmp,00000008_03728.bmp,00000008_03729.bmp,00000013_01243.bmp,00000018_01243.bmp,00000020_01243.bmp
114,,女,00000008_03730.bmp,00000008_03731.bmp,00000008_03732.bmp,00000013_01244.bmp,00000018_01244.bmp,00000020_01244.bmp
115,,女,00000008_03733.bmp,00000008_03734.bmp,00000008_03735.bmp,00000013_01245.bmp,00000018_01245.bmp,00000020_01245.bmp
116,,女,00000008_03736.bmp,00000008_03737.bmp,00000008_03738.bmp,00000013_01246.bmp,00000018_01246.bmp,00000020_01246.bmp
117,,女,00000008_03739.bmp,00000008_03740.bmp,00000008_03741.bmp,00000013_01247.bmp,00000018_01247.bmp,00000020_01247.bmp
118,,女,00000008_03742.bmp,00000008_03743.bmp,00000008_03744.bmp,00000013_01248.bmp,00000018_01248.bmp,00000020_01248.bmp
119,,男,00000008_03745.bmp,00000008_03746.bmp,00000008_03747.bmp,00000013_01249.bmp,00000018_01249.bmp,00000020_01249.bmp
120,,男,00000008_03748.bmp,00000008_03749.bmp,00000008_03750.bmp,00000013_01250.bmp,00000018_01250.bmp,00000020_01250.bmp
121,,男,00000008_03751.bmp,00000008_03752.bmp,00000008_03753.bmp,00000013_01251.bmp,00000018_01251.bmp,00000020_01251.bmp
122,,男,00000008_03754.bmp,00000008_03755.bmp,00000008_03756.bmp,00000013_01252.bmp,00000018_01252.bmp,00000020_01252.bmp
123,,男,00000008_03757.bmp,00000008_03758.bmp,00000008_03759.bmp,00000013_01253.bmp,00000018_01253.bmp,00000020_01253.bmp
124,,男,00000008_03760.bmp,00000008_03761.bmp,00000008_03762.bmp,00000013_01254.bmp,00000018_01254.bmp,00000020_01254.bmp
125,,男,00000008_03763.bmp,00000008_03764.bmp,00000008_03765.bmp,00000013_01255.bmp,00000018_01255.bmp,00000020_01255.bmp
126,,男,00000008_03766.bmp,00000008_03767.bmp,00000008_03768.bmp,00000013_01256.bmp,00000018_01256.bmp,00000020_01256.bmp
127,,男,00000008_03769.bmp,00000008_03770.bmp,00000008_03771.bmp,00000013_01257.bmp,00000018_01257.bmp,00000020_01257.bmp
128,,男,00000008_03772.bmp,00000008_03773.bmp,00000008_03774.bmp,00000013_01258.bmp,00000018_01258.bmp,00000020_01258.bmp
129,,男,00000008_03775.bmp,00000008_03776.bmp,00000008_03777.bmp,00000013_01259.bmp,00000018_01259.bmp,00000020_01259.bmp
130,,女,00000008_03778.bmp,00000008_03779.bmp,00000008_03780.bmp,00000013_01260.bmp,00000018_01260.bmp,00000020_01260.bmp
131,,女,00000008_03781.bmp,00000008_03782.bmp,00000008_03783.bmp,00000013_01261.bmp,00000018_01261.bmp,00000020_01261.bmp
132,,女,00000008_03784.bmp,00000008_03785.bmp,00000008_03786.bmp,00000013_01262.bmp,00000018_01262.bmp,00000020_01262.bmp
133,,女,00000008_03787.bmp,00000008_03788.bmp,00000008_03789.bmp,00000013_01263.bmp,00000018_01263.bmp,00000020_01263.bmp
134,,女,00000008_03790.bmp,00000008_03791.bmp,00000008_03792.bmp,00000013_01264.bmp,00000018_01264.bmp,00000020_01264.bmp
135,,女,00000008_03793.bmp,00000008_03794.bmp,00000008_03795.bmp,00000013_01265.bmp,00000018_01265.bmp,00000020_01265.bmp
136,,女,00000008_03796.bmp,00000008_03797.bmp,00000008_03798.bmp,00000013_01266.bmp,00000018_01266.bmp,00000020_01266.bmp
137,,男,00000008_04354.bmp,00000008_04355.bmp,00000008_04356.bmp,00000013_01452.bmp,00000018_01452.bmp,00000020_01452.bmp
138,,男,00000008_04357.bmp,00000008_04358.bmp,00000008_04359.bmp,00000013_01453.bmp,00000018_01453.bmp,00000020_01453.bmp
139,,男,00000008_04360.bmp,00000008_04361.bmp,00000008_04362.bmp,00000013_01454.bmp,00000018_01454.bmp,00000020_01454.bmp
140,,男,00000008_04363.bmp,00000008_04364.bmp,00000008_04365.bmp,00000013_01455.bmp,00000018_01455.bmp,00000020_01455.bmp
141,,男,00000008_04366.bmp,00000008_04367.bmp,00000008_04368.bmp,00000013_01456.bmp,00000018_01456.bmp,00000020_01456.bmp
142,,男,00000008_04372.bmp,00000008_04373.bmp,00000008_04374.bmp,00000013_01458.bmp,00000018_01458.bmp,00000020_01458.bmp
143,,男,00000008_04375.bmp,00000008_04376.bmp,00000008_04377.bmp,00000013_01459.bmp,00000018_01459.bmp,00000020_01459.bmp
144,,女,00000008_04381.bmp,00000008_04382.bmp,00000008_04383.bmp,00000013_01461.bmp,00000018_01461.bmp,00000020_01461.bmp
145,,女,00000008_04384.bmp,00000008_04385.bmp,00000008_04386.bmp,00000013_01462.bmp,00000018_01462.bmp,00000020_01462.bmp
146,,女,00000008_04387.bmp,00000008_04388.bmp,00000008_04389.bmp,00000013_01463.bmp,00000018_01463.bmp,00000020_01463.bmp
147,,女,00000008_04390.bmp,00000008_04391.bmp,00000008_04392.bmp,00000013_01464.bmp,00000018_01464.bmp,00000020_01464.bmp
148,,女,00000008_04393.bmp,00000008_04394.bmp,00000008_04395.bmp,00000013_01465.bmp,00000018_01465.bmp,00000020_01465.bmp
149,,女,00000008_04396.bmp,00000008_04397.bmp,00000008_04398.bmp,00000013_01466.bmp,00000018_01466.bmp,00000020_01466.bmp
150,,女,00000008_04398.bmp,00000008_04399.bmp,00000008_04400.bmp,00000013_01467.bmp,00000018_01467.bmp,00000020_01467.bmp
